Workbook

Sheet Instrucciones
A1: KIT LABORAL · Kit Reclutamiento y Selección — Matriz Comparadora de Candidatos
B3: Cómo usar esta matriz
B5: 1 | C5: Anda a la hoja «Configuración» y revisa los criterios de evaluación. Puedes cambiar sus nombres y sus ponderaciones según lo que importe para TU cargo. Las ponderaciones deben sumar 100% — la celda de total te avisa en verde si está correcto y en rojo si no.
B7: 2 | C7: En la hoja «Candidatos», escribe el nombre de cada candidato/a (hasta 10) y ponle nota de 1 a 5 en cada criterio, usando los puntajes de la Pauta de Entrevista (Archivo 2). 1 = muy débil · 3 = aceptable · 5 = excelente.
B9: 3 | C9: El puntaje ponderado se calcula solo cuando completas las 6 notas del candidato/a. No tienes que hacer ningún cálculo.
B11: 4 | C11: La columna «Ranking» ordena automáticamente a los candidatos (1 = el mejor) y la columna «Decisión» muestra el semáforo según el puntaje.
B13: 5 | C13: Los umbrales del semáforo también son editables en «Configuración» (por defecto: verde desde 4,0 y amarillo desde 3,0).
B16: El semáforo de decisión
B17: ✔ CONTRATABLE | C17: Puntaje 4,0 o más. Cumple con lo que buscas: haz la oferta con confianza.
B18: ● CON RESERVAS | C18: Entre 3,0 y 3,9. Sirve, pero con dudas: considera una segunda entrevista o revisa referencias.
B19: ✖ NO RECOMENDADO | C19: Menos de 3,0. No cumple el mínimo: sigue buscando, una mala contratación sale cara.
B21: Consejo: el semáforo ordena tu decisión, pero no la reemplaza. Si dos candidatos quedan cerca, vuelve a tus notas de entrevista y a las referencias antes de decidir.

Sheet Configuración
A1: KIT LABORAL · Kit Reclutamiento y Selección — Configuración de criterios
A2: Edita los nombres y ponderaciones según tu cargo. La suma debe dar 100%. Los criterios vienen alineados con la Pauta de Entrevista del Archivo 2.
A3: Criterio de evaluación | B3: Ponderación (%) | C3: Qué mirar al evaluar
A4: Experiencia y conocimientos del cargo | B4: 25 | C4: ¿Ha hecho antes tareas parecidas? ¿Domina las herramientas que el cargo necesita?
A5: Resolución de problemas | B5: 15 | C5: ¿Da ejemplos reales de problemas que resolvió? ¿Se hace cargo de sus errores?
A6: Trabajo en equipo y comunicación | B6: 15 | C6: ¿Maneja bien los desacuerdos? ¿Se explica con claridad?
A7: Responsabilidad y organización | B7: 15 | C7: ¿Prioriza bien? ¿Cumple plazos y compromisos?
A8: Motivación y ajuste al puesto | B8: 15 | C8: ¿Le interesa este trabajo en concreto o cualquier trabajo? ¿Sus expectativas calzan con lo que ofreces?
A9: Referencias laborales | B9: 15 | C9: ¿Sus ex jefaturas lo/la volverían a contratar? (guion de referencias del Archivo 2)
A10: TOTAL (debe sumar 100%) | B10: =SUM(B4:B9) | C10: =IF(B10=100,"✔ Correcto: las ponderaciones suman 100%.","✖ Atención: deben sumar 100% (ahora suman "&B10&"%). Ajusta la columna B.")
A12: Umbrales del semáforo de decisión (editables)
A13: ✔ CONTRATABLE desde (puntaje) | B13: 4 | C13: Con 4,0 o más el candidato/a queda en verde.
A14: ● CON RESERVAS desde (puntaje) | B14: 3 | C14: Entre este valor y el verde queda en amarillo. Bajo este valor, queda en rojo.

Sheet Candidatos
A1: KIT LABORAL · Kit Reclutamiento y Selección — Comparación de candidatos
A2: Puntúa de 1 a 5 cada criterio (usa la Pauta de Entrevista del Archivo 2). El puntaje ponderado, el ranking y el semáforo se calculan solos al completar las 6 notas.
A3: # | B3: Candidato/a | C3: =Configuración!A4 | D3: =Configuración!A5 | E3: =Configuración!A6 | F3: =Configuración!A7 | G3: =Configuración!A8 | H3: =Configuración!A9 | I3: Puntaje ponderado | J3: Ranking | K3: Decisión
A4: 1 | I4: =IF(COUNT(C4:H4)<6,"",ROUND(SUMPRODUCT(C4:H4,$C$15:$H$15)/100,2)) | J4: =IF($I4="","",RANK($I4,$I$4:$I$13)) | K4: =IF($I4="","",IF($I4>=$J$15,"✔ CONTRATABLE",IF($I4>=$K$15,"● CON RESERVAS","✖ NO RECOMENDADO")))
A5: 2 | I5: =IF(COUNT(C5:H5)<6,"",ROUND(SUMPRODUCT(C5:H5,$C$15:$H$15)/100,2)) | J5: =IF($I5="","",RANK($I5,$I$4:$I$13)) | K5: =IF($I5="","",IF($I5>=$J$15,"✔ CONTRATABLE",IF($I5>=$K$15,"● CON RESERVAS","✖ NO RECOMENDADO")))
A6: 3 | I6: =IF(COUNT(C6:H6)<6,"",ROUND(SUMPRODUCT(C6:H6,$C$15:$H$15)/100,2)) | J6: =IF($I6="","",RANK($I6,$I$4:$I$13)) | K6: =IF($I6="","",IF($I6>=$J$15,"✔ CONTRATABLE",IF($I6>=$K$15,"● CON RESERVAS","✖ NO RECOMENDADO")))
A7: 4 | I7: =IF(COUNT(C7:H7)<6,"",ROUND(SUMPRODUCT(C7:H7,$C$15:$H$15)/100,2)) | J7: =IF($I7="","",RANK($I7,$I$4:$I$13)) | K7: =IF($I7="","",IF($I7>=$J$15,"✔ CONTRATABLE",IF($I7>=$K$15,"● CON RESERVAS","✖ NO RECOMENDADO")))
A8: 5 | I8: =IF(COUNT(C8:H8)<6,"",ROUND(SUMPRODUCT(C8:H8,$C$15:$H$15)/100,2)) | J8: =IF($I8="","",RANK($I8,$I$4:$I$13)) | K8: =IF($I8="","",IF($I8>=$J$15,"✔ CONTRATABLE",IF($I8>=$K$15,"● CON RESERVAS","✖ NO RECOMENDADO")))
A9: 6 | I9: =IF(COUNT(C9:H9)<6,"",ROUND(SUMPRODUCT(C9:H9,$C$15:$H$15)/100,2)) | J9: =IF($I9="","",RANK($I9,$I$4:$I$13)) | K9: =IF($I9="","",IF($I9>=$J$15,"✔ CONTRATABLE",IF($I9>=$K$15,"● CON RESERVAS","✖ NO RECOMENDADO")))
A10: 7 | I10: =IF(COUNT(C10:H10)<6,"",ROUND(SUMPRODUCT(C10:H10,$C$15:$H$15)/100,2)) | J10: =IF($I10="","",RANK($I10,$I$4:$I$13)) | K10: =IF($I10="","",IF($I10>=$J$15,"✔ CONTRATABLE",IF($I10>=$K$15,"● CON RESERVAS","✖ NO RECOMENDADO")))
A11: 8 | I11: =IF(COUNT(C11:H11)<6,"",ROUND(SUMPRODUCT(C11:H11,$C$15:$H$15)/100,2)) | J11: =IF($I11="","",RANK($I11,$I$4:$I$13)) | K11: =IF($I11="","",IF($I11>=$J$15,"✔ CONTRATABLE",IF($I11>=$K$15,"● CON RESERVAS","✖ NO RECOMENDADO")))
A12: 9 | I12: =IF(COUNT(C12:H12)<6,"",ROUND(SUMPRODUCT(C12:H12,$C$15:$H$15)/100,2)) | J12: =IF($I12="","",RANK($I12,$I$4:$I$13)) | K12: =IF($I12="","",IF($I12>=$J$15,"✔ CONTRATABLE",IF($I12>=$K$15,"● CON RESERVAS","✖ NO RECOMENDADO")))
A13: 10 | I13: =IF(COUNT(C13:H13)<6,"",ROUND(SUMPRODUCT(C13:H13,$C$15:$H$15)/100,2)) | J13: =IF($I13="","",RANK($I13,$I$4:$I$13)) | K13: =IF($I13="","",IF($I13>=$J$15,"✔ CONTRATABLE",IF($I13>=$K$15,"● CON RESERVAS","✖ NO RECOMENDADO")))
C15: =Configuración!B4 | D15: =Configuración!B5 | E15: =Configuración!B6 | F15: =Configuración!B7 | G15: =Configuración!B8 | H15: =Configuración!B9 | J15: =Configuración!B13 | K15: =Configuración!B14
